﻿ColorDetails,Cost,Name
"Black, Type A to Micro USB",₹589,SanDisk Ultra Dual Drive M3.0 32 GB OTG Drive
White,₹399,Sony USM32GR/W// USM32GR/W2// USM32GR/WZ 32 GB Pen Driv...
White,₹354,Toshiba TransMemory - U202 32 GB Pen Drive
White,₹342,Toshiba TransMemory 16GB USB FLASH DRIVE
Black,₹649,Sony USM64GR/B2/USM64GR/B3 IN 31302149 64 GB Pen Drive
"Gold, Type A to Micro USB",₹589,SanDisk SDDD3-032G-I35GW 32 GB OTG Drive
"Black, Red",₹449,Sandisk Cruzer Blade 32 GB
"Black, Type A to Micro USB",₹909,SanDisk Ultra Dual SDDD3-064G-I35 64 GB OTG Drive
Black,₹509,SanDisk Ultra USB3.0 32 GB Pen Drive
"Silver, Blue",₹679,HP MM-OTG032GB-02P 32 GB Pen Drive
Silver,₹649,HP X740W Metal USB 3.0/3.1 Flash Drive 32 GB Pen Drive
White,₹749,Toshiba U301 64 GB Pen Drive
Black,₹449,Kingston DTSWIVL/32GBIN 32 GB Pen Drive
"Black, Red",₹729,SanDisk SDCZ50-064g-I35 /SDCZ50-064g-B35 64 GB Pen Driv...
"Gold, Type A to Micro USB",₹899,SanDisk SDDD3-064G-I35GW 64 GB OTG Drive
"Black, Red",₹349,Sandisk Cruzer Blade 16 GB Utility Pendrive
Black,₹839,SanDisk SDCZ48-064G-135/I35 64 GB Pen Drive
Grey,₹309,Kingston USB-3.1/3.0/2.0 Data Traveler 50 16 GB Pen Dri...
"Silver, Blue, Type A to Micro USB","₹1,039",HP MM-OTG064GB-02P 64 GB OTG Drive
Silver,₹449,Strontium Ammo SR32GSLAMMO 32 GB Pen Drive
Grey,₹485,Kingston USB 3.0 Data Traveler 50- 32 GB Pen Drive
Silver,₹309,Kingston DataTraveler SE9 16 GB Pen Drive
Grey,₹469,HP V301W 32 GB Pen Drive
Silver,₹425,SanDisk SDCZ71-016G-I35 / Cruzer Force 16 GB Pen Drive
Black,₹955,SanDisk Ultra Dual Drive 3.0 OTG 64 GB Pen Drive
Black,₹695,SanDisk Cruzer Blade 16GB USB 2.0 Pendrive ( Pack of 2 ...
Black,₹379,Sony Micro Vault USM32GN 32 GB Pen Drive
White,₹419,Toshiba U301 32 GB Pen Drive
Multicolor,₹385,SanDisk Cruzer Blade USB Flash Drive CZ50 16 GB Pen Dri...
Multicolor,₹399,HP V215B 32 GB Pen Drive
Black,₹965,SanDisk OTG 3.0 Dual Drive 64 GB Pen Drive
"Black, Type A to Type C",₹739,SanDisk SDDDC2-032G-I35 32 GB OTG Drive
"Black, Type A to Micro USB","₹1,589",SanDisk Ultra Dual SDDD3-128G-G46/SDDD3-128G-i35 128 GB...
Multicolor,₹575,HP x220w 64 GB Pen Drive
Black,₹409,SanDisk SDCZ48-016G-135 / I35 16 GB Pen Drive
"Black, Type A to Micro USB",₹485,SanDisk Ultra Dual SDDD3-016G-I35 16 GB OTG Drive
Black,₹332,Flipkart SmartBuy USB20PB3201 32 GB USB 2.0 Pen Drive
"Black, Type A to Type C","₹1,049",SanDisk SDDDC2-064G-I35 64 GB OTG Drive
Black,₹379,Sony USM32GR/B3 IN 31302148 32 GB Pen Drive
Black,₹485,Sony USM16GR/B3 16 GB Pen Drive
