"SanDisk Ultra Dual Drive M3.0 32 GB OTG Drive","Black, Type A to Micro USB"
"Sony USM64GR/B2/USM64GR/B3 IN 31302149 64 GB Pen Drive","Black"
"HP HP-64GB-V301W 64 GB Pen Drive","Silver, Blue"
"HP V237W 32 GB Pen Drive","Silver"
"SanDisk SDDD3 16GB USB 3.0 BLACK 16 GB OTG Drive","Multicolor, Type A to Micro USB"
"Sony USB Flash Drive White 64 GB Pen Drive","White"
"Sony Micro Vault 32 GB Pen Drive","Pink"
"SanDisk SDCZ430-064G-I35 64 GB Pen Drive","Black"
"SanDisk Dual Drive 64GB 2.0 OTG Pendrive 64 GB Pen Driv...","Black"
"Smartcraft USB Pendrive -16 GB, Metal Black Pen, Corpor...","Black"
"SanDisk Ultra Fit 3.1 Flash Drive 64 GB Pen Drive","Black"
"SanDisk DUAL DRIVE GO 32 OTG Drive","Black, Type A to Type C"
"Kingston DTMC 16 GB Pen Drive","Silver"
"Strontium 16GB NITRO ON-THE-GO (OTG) USB 3.0 FLASH DRIV...","Black, Type A to Micro USB"
"HP X765W USB 3.0 32 GB Pen Drive","White"
"HP X740W 16 GB Metal Pendrive USB 3.0 Flash Drive 16 GB...","Silver"
"Umpire Technologies Attractive High Speed Mini Metal US...","Silver"
"HP X730w 64 GB Pen Drive","Silver"
"Quace Lipstick 8 GB Pen Drive","Red"
"XElectron Camera Shape Pendrive 32 GB Pen Drive","Black"
"SanDisk SDCZ71-032G-I35 32 GB Pen Drive","Multicolor"
"SanDisk Iltra 16 GB Pen Drive","Black"
"Kingston DT50 3.1/3.0/2.0 16 GB Pen Drive","Silver"
"Quace Silver Guitar 16 GB Pen Drive","Multicolor"
"XElectron Gun Shape Pendrive 16 GB Pen Drive","Black"
"Tobo Bank Card USB Flash Drive Pen Drive Master Card pe...","Blue"
"Strontium Ammo USB Flash Drive 16 GB Pen Drive","Silver"
"Quace Tom Cat 32 GB Pen Drive","Multicolor"
"Quace Antique Key 32 GB Pen Drive","Gold"
"SanDisk OTG 3.0 64 GB Pen Drive","Grey, Silver"
"Quace Wrist Band 32 GB Pen Drive","Blue"
"HP V237W Combo of Two 16 GB Metal Pen Drive USB 2.0 Fla...","Silver"
"SSKY Super High Speed, 3.0 ,FD04 32 GB Pen Drive","Silver"
"Quace Hulk Hand 32 GB Pen Drive","Multicolor"
"Quace Gold Guitar 8 GB Pen Drive","Multicolor"
"Quace Crystal Slipper 8 GB Pen Drive","Gold"
"SanDisk Cruzer Force 64 GB Pen Drive","Metallic Grey"
"Quace Fighter Jet 32 GB Pen Drive","White"
"Quace Transformers Optimus Prime Glowing Eyes 8 GB Pen ...","Multicolor"
"SanDisk 32 GB USB External Data Storage Pen Drive 32 GB...","Black"
"Zabolo Ultra Dual 32GB USB 3.0 OTG Pen Drive 32 Pen Dri...","Black"
"ShutterBugs Designer card shape pendrive | 16 GB Pendri...","Multicolor"
"ShutterBugs Designer card shape pendrive | 16 GB Pendri...","Purple"
"ShutterBugs Designer card shape pendrive | 16 GB Pendri...","Orange"
"Tobo Cartoon Monkey Purple Thumb Drive Cute Animal, Hig...","Purple"
"Quace Electric Guitar 32 GB Pen Drive","Pink"
"nexShop Creative Metal Keychain Carabiner Climbing Hook...","Brown"
"SanDisk PEN-64GB 64 GB Pen Drive","Black"
"Pankreeti PKT846 Kitty Cat Cartoon Designer 4 GB Pen Dr...","Multicolor"
"SanDisk OTG 3.0 Dual Drive 32 GB Pen Drive (Black) 4.38...","Black"
"Pankreeti PKT491 Kitty Cat 16 GB Pen Drive","Pink"
"Pankreeti Metal Crystal Heart 16 GB Pen Drive","Pink"
"Eshop Fancy Original Slap Wrist Band USB Flash Drive 8 ...","White"
"HP Flash Drive v152w 32 GB Pen Drive","Multicolor"
"HP OTG 3.1 Metal USB Dual Drive X302M 16 GB Pen Drive","Silver"
"SanDisk CRUZER BLADE USB FLASH DRIVE COMBO OF 2 32 GB P...","Multicolor"
"Quace Paw 32 GB Pen Drive","Blue"
"Quace R2D2 64 GB Pen Drive","Multicolor"
"Pankreeti PKT1105 Metal Crystal Love Heart 16 GB Pen Dr...","Silver"
"Pankreeti PKT894 Guitar 16 GB Pen Drive","Multicolor"
"XElectron Camera Shape Pendrive 64 GB Pen Drive","Black"
"SanDisk Ultra Fit USB 3.1 Flash Drive 32 GB Pen Drive","Black"
"Pankreeti Mickey Mouse Cartoon Designer 8 GB Pen Drive","Multicolor"
"Pankreeti PKT617 32 GB Pen Drive","Multicolor"
"Pankreeti PKT696 Minion Cartoon Designer 8 GB Pen Drive","Multicolor"
"Pankreeti PKT368 Cute Owl 32 GB Pen Drive","Multicolor"
"Pankreeti PKT476 Iron Man 16 GB Pen Drive","Gold"
"Tobo Bad-badtz maru 8GB pen drive 8 GB Pen Drive","Black"
"Pankreeti PKT500 Wooden Heart 8 GB Pen Drive","Brown"
"Pankreeti PKT881 Minion Cartoon Designer 16 GB Pen Driv...","Yellow"
"Pankreeti Wooden Heart 16 GB Pen Drive","White"
"Pankreeti Wooden Heart 16 GB Pen Drive","Brown"
"Tobo 8GB Panda Pendrive 8 GB Pen Drive","Black"
"Quace Foot Shaped Opener 32 GB Pen Drive","Silver"
"Pankreeti Heart 32 GB Pen Drive","Silver"
"Pankreeti Iron Man 32 GB Pen Drive","Red"
"Pankreeti Cute Cow 32 GB Pen Drive","Multicolor"
"Pankreeti PKT349 Cute Owl 32 GB Pen Drive","Multicolor"
"DARK EDGE Cartoon Jerry 16 GB Pen Drive 16 GB Pen Drive","Brown"
"Pankreeti PKT523 Unicorn Horse 32 GB Pen Drive","Multicolor"
"Pankreeti PKT694 Rose Cartoon Designer 8 GB Pen Drive","Multicolor"
"iZED 100 % original high speed key pendrive 8 GB Pen Dr...","Silver"
"nexShop Useful Data Stick With Stylus 16 GB Pen Drive","Silver"
"Pankreeti PKT1190 Blue 64 GB Pen Drive","Blue"
"Pankreeti PKT594 Piano 32 GB Pen Drive","Multicolor"
"Pankreeti PKT677 Accordion Piano Designer 32 GB Pen Dri...","Multicolor"
"Pankreeti PKT597 Guitar 32 GB Pen Drive","Multicolor"
"Pankreeti Metal 32 GB Pen Drive","Pink"
"Pankreeti Metal 32 GB Pen Drive","Red"
"Pankreeti Violin 32 GB Pen Drive","Brown"
"Tobo USB Flash Drive USB 2.0 Driver Cartoon Tank Shape ...","Green"
"Pankreeti PKT1277 Ballpoint Pen 32 GB Pen Drive","Silver"
"Pankreeti Tweety Bird 32 GB Pen Drive","Yellow"
"Tobo Captain America First Avenger Flash Drive Mini Sti...","Blue"
"Pankreeti Metal Crystal Love Heart 32 GB Pen Drive","Blue"
"nexShop Attractive Silver Hanging Keyring Pattern USB F...","Silver, Black"
"Tobo Sewing Machine Shape Pen Drive USB 2.0 Memory Stic...","Green"
"SanDisk DUAL OTG PEN DRIVE 16 OTG Drive","Black, Type A to Micro USB"
"Tobo Silicon Wrist band USB 2.0 Bracelet USB Flash Driv...","Black"
"Tobo Mini Pink DSLR Camera USB Flash Drive USB 2.0 Sili...","Pink"
"Pankreeti PKT852 Unicorn Horse Cartoon Designer 4 GB Pe...","Multicolor"
"Eshop Swivel Wooden Thumb Pendrive 8 GB Pen Drive","Brown"
"SWADESHI KIING 715W 32 GB Pen Drive","Grey"
"nexShop F1 Ferrari Racing Car Shape Stainless Steel USB...","Silver"
"Pankreeti Steel Opener 16 GB Pen Drive","Silver"
"Pankreeti Choclate Love 16 GB Pen Drive","Brown"
"HP x796w 128 GB Pen Drive","Silver"
"Pankreeti 490 Elephant 16 GB Pen Drive","Multicolor"
"Pankreeti Santa Claus 32 GB Pen Drive","Red"
"Pankreeti PKT814 Kungfu Panda Cartoon Designer 32 GB Pe...","Multicolor"
"Pankreeti PKT820 Metal Sword Knife Designer 32 GB Pen D...","Brown"
"Pankreeti PKT1113 Captain America Cartoon Designer 32 G...","Multicolor"
"Pankreeti PKT506 Kitty Cat 8 GB Pen Drive","Pink"
"nexShop Lighting Pen USB Flash Drive with LED's Multi f...","Silver"
"Pankreeti PKT830 Kitty Cat Cartoon Designer 32 GB Pen D...","Multicolor"
"KBR PRODUCT TECHNOCRAFT ATTRACTIVE LASER POINTER 8 GB P...","Silver"
