"Product Name","Colour","Price"
"Sony USM32GR/W// USM32GR/W2// USM32GR/WZ 32 GB Pen Driv...","White","?399"
"SanDisk Ultra Dual Drive M3.0 32 GB OTG Drive","Black, Type A to Micro USB","?589"
"Toshiba TransMemory 16GB USB FLASH DRIVE","White","?342"
"Sony USM64GR/B2/USM64GR/B3 IN 31302149 64 GB Pen Drive","Black","?649"
"HP HP-64GB-V301W 64 GB Pen Drive","Silver, Blue","?869"
"Sony USM32GR/B3 IN 31302148 32 GB Pen Drive","Black","?379"
"Flipkart SmartBuy USB20PB3201 32 GB USB 2.0 Pen Drive","Black","?332"
"Kingston DTIG4 USB 3.0, 16 GB Pen Drive","White & Blue","?349"
"HP V237W 32 GB Pen Drive","Silver","?675"
"SanDisk Cruzr Blade 16 GB Pen Drive","Red","?349"
"Kingston DTIG4 USB 3.0, 32 GB Pen Drive","White & Red","?409"
"SanDisk SDDD3 16GB USB 3.0 BLACK 16 GB OTG Drive","Multicolor, Type A to Micro USB","?565"
"SanDisk Cruzer Force USB Flash Drive Metal Casing 16 GB...","Grey","?395"
"Sony USB Flash Drive White 64 GB Pen Drive","White","?995"
"Jmart shiny metal 32 GB Pen Drive","Black, Red","?447"
"SanDisk Combo Of 5pcs 8 GB Pen Drive","Black","?1,599"
"Sony Micro Vault 32 GB Pen Drive","Pink","?949"
"SanDisk SDCZ430-064G-I35 64 GB Pen Drive","Black","?925"
"SanDisk Dual Drive 64GB 2.0 OTG Pendrive 64 GB Pen Driv...","Black","?949"
"Sony USB Flash Drive USM16GR 16 GB Pen Drive","Black","?475"
"Kingston USB 3.0 Data Traveler 50- 128 GB Pen Drive","Silver","?1,799"
"Smartcraft USB Pendrive -16 GB, Metal Black Pen, Corpor...","Black","?599"
"Strontium Pollex 32 GB Pen Drive","Black","?429"
"SanDisk Pendrive 8 GB Pen Drive 8 Pen Drive","Multicolor","?310"
"SanDisk Ultra Fit 3.1 Flash Drive 64 GB Pen Drive","Black","?999"
"SanDisk DUAL DRIVE GO 32 OTG Drive","Black, Type A to Type C","?795"
"Kingston DTMC 16 GB Pen Drive","Silver","?749"
"Strontium 16GB NITRO ON-THE-GO (OTG) USB 3.0 FLASH DRIV...","Black, Type A to Micro USB","?599"
"SanDisk Sdcz50-016g, Usb, Cruzer Blade, Pack Of 5 16 GB...","Red, Black","?1,595"
"SanDisk Curzer Blade USb Flash Drive 32 GB Pen Drive","Red, Black","?399"
"HP X765W USB 3.0 32 GB Pen Drive","White","?619"
"HP X740W 16 GB Metal Pendrive USB 3.0 Flash Drive 16 GB...","Silver","?510"
"HP X_304_M 64 GB OTG Drive","Multicolor, Type A to Type C","?1,255"
"Umpire Technologies Attractive High Speed Mini Metal US...","Silver","?929"
"Strontium Ammo SR16GSLAMMO 16 GB Pen Drive","Silver","?423"
"HP X730w 64 GB Pen Drive","Silver","?979"
"Quace Lipstick 8 GB Pen Drive","Red","?599"
"XElectron Camera Shape Pendrive 32 GB Pen Drive","Black","?680"
"SanDisk SDCZ71-032G-I35 32 GB Pen Drive","Multicolor","?500"
"SanDisk Iltra 16 GB Pen Drive","Black","?997"
"Quace Minion Chef 16 GB Pen Drive","Multicolor","?475"
"Quace Bat Man 16 GB Pen Drive","Multicolor","?475"
"Kingston DT50 3.1/3.0/2.0 16 GB Pen Drive","Silver","?499"
"Quace Mickey Mouse 16 GB Pen Drive","Multicolor","?475"
"SanDisk 16GB Pendrive 16 GB Pen Drive","Multicolor","?305"
"HP V236W 16 GB Pen Drive","Multicolor","?1,140"
"Quace Silver Guitar 16 GB Pen Drive","Multicolor","?599"
"XElectron Gun Shape Pendrive 16 GB Pen Drive","Black","?480"
"SanDisk Cruzer 8 GB Pen Drive","Red, Black","?351"
"Tobo Bank Card USB Flash Drive Pen Drive Master Card pe...","Blue","?749"
"Strontium Ammo USB Flash Drive 16 GB Pen Drive","Silver","?499"
"XElectron Purse 8 GB Pen Drive","Red","?350"
"Quace Tom Cat 32 GB Pen Drive","Multicolor","?550"
"Quace Antique Key 32 GB Pen Drive","Gold","?750"
"SanDisk OTG 3.0 64 GB Pen Drive","Grey, Silver","?965"
"Quace Wrist Band 32 GB Pen Drive","Blue","?550"
"HP V237W Combo of Two 16 GB Metal Pen Drive USB 2.0 Fla...","Silver","?825"
"Quace Wrist Band 8 GB Pen Drive","Blue","?425"
"SSKY Super High Speed, 3.0 ,FD04 32 GB Pen Drive","Silver","?599"
"Iball Hybrid Dual 32GB Pendrive With Dual Connector Fla...","Black","?1,070"
"Quace Hulk Hand 32 GB Pen Drive","Multicolor","?750"
"Quace Gold Guitar 8 GB Pen Drive","Multicolor","?525"
"Quace Crystal Slipper 8 GB Pen Drive","Gold","?550"
"Quace Captain America 8 GB Pen Drive","Multicolor","?425"
"Sony USM16GR 16 GB Pen Drive","Black","?389"
"Quace Game of Thrones 5 House Flags 8 GB Pen Drive","Multicolor","?425"
"SanDisk Cruzer Force 64 GB Pen Drive","Metallic Grey","?829"
"XElectron XE-4526 8 GB Pen Drive","Pink","?350"
"Storme Superman 8 GB Pen Drive","Red, Blue","?425"
"Eshop 3 In 1 Multipurpose Uses Crystal Stylus Touch Scr...","Black","?1,079"
"Quace Fighter Jet 32 GB Pen Drive","White","?750"
"Quace Banana 8 GB Pen Drive","Yellow","?450"
"Blackbear 16gb Printed Card pendrive 16 GB Pen Drive (M...","Multicolor","?442"
"Quace Transformers Optimus Prime Glowing Eyes 8 GB Pen ...","Multicolor","?599"
"SanDisk 32 GB USB External Data Storage Pen Drive 32 GB...","Black","?479"
"nexShop Cr 32 GB Pen Drive","Silver","?1,229"
"Quace Mimi Duck 8 GB Pen Drive","Yellow","?425"
"Kingston DataTraveler microDuo 3C Type C 64 GB Pen Driv...","Silver","?1,479"
"SanDisk Pendrive 16 GB Pen Drive","Black","?449"
"Zabolo Ultra Dual 32GB USB 3.0 OTG Pen Drive 32 Pen Dri...","Black","?799"
"ShutterBugs Designer card shape pendrive | 16 GB Pendri...","Multicolor","?599"
"ShutterBugs Designer card shape pendrive | 16 GB Pendri...","Purple","?599"
"ShutterBugs Designer card shape pendrive | 16 GB Pendri...","Orange","?599"
"Tobo Cartoon Monkey Purple Thumb Drive Cute Animal, Hig...","Purple","?649"
"Quace Electric Guitar 32 GB Pen Drive","Pink","?750"
"nexShop Creative Metal Keychain Carabiner Climbing Hook...","Brown","?799"
"SanDisk PEN-64GB 64 GB Pen Drive","Black","?645"
"Pankreeti PKT846 Kitty Cat Cartoon Designer 4 GB Pen Dr...","Multicolor","?499"
"SanDisk OTG 3.0 Dual Drive 32 GB Pen Drive (Black) 4.38...","Black","?639"
"Pankreeti PKT491 Kitty Cat 16 GB Pen Drive","Pink","?570"
"Pankreeti PKT1143 Metal 32 GB Pen Drive","Black","?449"
"Pankreeti Metal Crystal Heart 16 GB Pen Drive","Pink","?699"
"Eshop Fancy Original Slap Wrist Band USB Flash Drive 8 ...","White","?849"
"HP Flash Drive v152w 32 GB Pen Drive","Multicolor","?585"
"HP OTG 3.1 Metal USB Dual Drive X302M 16 GB Pen Drive","Silver","?599"
"PNY P-12970-Turbo-Att4-in 64 GB USB 3.0 64 GB Pen Drive","Black","?1,050"
"SanDisk CRUZER BLADE USB FLASH DRIVE COMBO OF 2 32 GB P...","Multicolor","?795"
"Quace Paw 32 GB Pen Drive","Blue","?550"
"HANSA BHAGAT STYLUS Pendrive 32 GB Pen Drive","Silver","?475"
"Quace R2D2 64 GB Pen Drive","Multicolor","?850"
"Pankreeti PKT1105 Metal Crystal Love Heart 16 GB Pen Dr...","Silver","?699"
"Pankreeti PKT894 Guitar 16 GB Pen Drive","Multicolor","?649"
"XElectron Camera Shape Pendrive 64 GB Pen Drive","Black","?790"
"SanDisk Ultra Fit USB 3.1 Flash Drive 32 GB Pen Drive","Black","?560"
"Pankreeti Mickey Mouse Cartoon Designer 8 GB Pen Drive","Multicolor","?599"
"Pankreeti PKT617 32 GB Pen Drive","Multicolor","?799"
"Pankreeti PKT696 Minion Cartoon Designer 8 GB Pen Drive","Multicolor","?599"
"Pankreeti PKT368 Cute Owl 32 GB Pen Drive","Multicolor","?620"
"Pankreeti PKT476 Iron Man 16 GB Pen Drive","Gold","?620"
"Tobo Bad-badtz maru 8GB pen drive 8 GB Pen Drive","Black","?649"
"SanDisk SDCZ50-032G-I36 32 GB Pen Drive","Black, Red","?435"
"KBR PRODUCT TECHNOCRAFT MULTI USE DESIGNER OTG 16 GB Pe...","Silver","?1,145"
"Pankreeti PKT500 Wooden Heart 8 GB Pen Drive","Brown","?599"
"Pankreeti PKT881 Minion Cartoon Designer 16 GB Pen Driv...","Yellow","?599"
"Pankreeti Wooden Heart 16 GB Pen Drive","White","?699"
"Pankreeti Wooden Heart 16 GB Pen Drive","Brown","?699"
"Tobo 8GB Panda Pendrive 8 GB Pen Drive","Black","?699"
"Quace Foot Shaped Opener 32 GB Pen Drive","Silver","?750"
"Pankreeti Heart 32 GB Pen Drive","Silver","?799"
"Pankreeti Iron Man 32 GB Pen Drive","Red","?799"
"Pankreeti Cute Cow 32 GB Pen Drive","Multicolor","?799"
"Pankreeti PKT349 Cute Owl 32 GB Pen Drive","Multicolor","?620"
"Pankreeti PKT405 Swivel 32 GB Pen Drive","Red","?449"
"Pankreeti PKT407 Swivel 32 GB Pen Drive","Green","?449"
"Pankreeti PKT406 Swivel 32 GB Pen Drive","Black","?449"
"DARK EDGE Cartoon Jerry 16 GB Pen Drive 16 GB Pen Drive","Brown","?648"
"Pankreeti PKT410 Swivel 32 GB Pen Drive","Yellow","?449"
"Pankreeti PKT523 Unicorn Horse 32 GB Pen Drive","Multicolor","?799"
"SanDisk Cruzer Blade USB Flash Drive 16 GB Pen Drive","Black","?1,599"
"Pankreeti PKT694 Rose Cartoon Designer 8 GB Pen Drive","Multicolor","?599"
"iZED 100 % original high speed key pendrive 8 GB Pen Dr...","Silver","?899"
"Pankreeti PKT399 Wooden 32 GB Pen Drive","Multicolor","?449"
"nexShop Useful Data Stick With Stylus 16 GB Pen Drive","Silver","?999"
"Pankreeti PKT372 Swivel 16 GB Pen Drive","Blue","?379"
"Pankreeti PKT1222 Swivel OTG 16 GB Pen Drive","Multicolor","?379"
"Pankreeti PKT1190 Blue 64 GB Pen Drive","Blue","?649"
"Shrih Shame Character 2.0 USB 8GB Flash Drive 8 GB Pen ...","Red","?1,755"
"Pankreeti PKT594 Piano 32 GB Pen Drive","Multicolor","?799"
"Pankreeti PKT677 Accordion Piano Designer 32 GB Pen Dri...","Multicolor","?799"
"XElectron Razor Shape 8 GB Pen Drive","Multicolor","?399"
"Tribe Tech DC Comics Joker 16 GB Pen Drive","Multicolor","?1,199"
"Tobo Lovely Rabbit USB Flash Drive Pen Drive USB Stick ...","Grey","?1,099"
"Tribe Tech Minion Bob 16 GB Pen Drive","Multicolor","?1,299"
"Pankreeti PKT597 Guitar 32 GB Pen Drive","Multicolor","?799"
"Pankreeti Metal 32 GB Pen Drive","Pink","?799"
"Pankreeti Metal 32 GB Pen Drive","Red","?799"
"Pankreeti Violin 32 GB Pen Drive","Brown","?799"
"Tobo USB Flash Drive USB 2.0 Driver Cartoon Tank Shape ...","Green","?749"
"Pankreeti PKT294 Swivel 128 GB Pen Drive","Blue","?1,399"
"Pankreeti PKT1277 Ballpoint Pen 32 GB Pen Drive","Silver","?899"
"Pankreeti Tweety Bird 32 GB Pen Drive","Yellow","?799"
"KBR PRODUCT MULTI FUNCTIONAL DESIGNER ATTRACTIVE CAPABL...","Blue","?1,249"
"Tobo bad-badtz pen drive 32GB 32 GB Pen Drive","Black","?1,099"
"Pankreeti PKT1214 Metal 128 GB Pen Drive","Black","?1,399"
"Pankreeti PKT450 Cute Owl 128 GB Pen Drive","Multicolor","?2,399"
"Tobo Super Heros Pen Drive Batman Memory Stick USB Flas...","Black","?1,099"
"Tobo black panthers pen drive 32GB 32 GB Pen Drive","Black","?1,099"
"Pankreeti PKT564 Superman Cartoon Designer 64 GB Pen Dr...","Multicolor","?1,399"
"Tobo Captain America First Avenger Flash Drive Mini Sti...","Blue","?649"
"Tobo pendrive 32 Pen Drive","Yellow","?1,299"
"Pankreeti Metal Crystal Love Heart 32 GB Pen Drive","Blue","?799"
"nexShop Attractive Silver Hanging Keyring Pattern USB F...","Silver, Black","?899"
"Pankreeti PKT896 Steel Opener 64 GB Pen Drive","Silver","?1,349"
"Tobo 16GB CAR TYRE PEN DRIVE 16 Pen Drive","Black","?1,099"
"Tobo Sewing Machine Shape Pen Drive USB 2.0 Memory Stic...","Green","?899"
"Tobo 32GB Miffy Pendrive 32 Pen Drive","Pink","?1,099"
"SanDisk DUAL OTG PEN DRIVE 16 OTG Drive","Black, Type A to Micro USB","?578"
"VINECTRO USB Flash Drive DT50 32 GB Pen Drive 32 GB Pen...","Silver","?469"
"Tobo Silicon Wrist band USB 2.0 Bracelet USB Flash Driv...","Black","?599"
"Tobo 16GB Owl Pink Pendrive 64 Pen Drive","Pink","?1,499"
"SanDisk Dual Drive USB Type C 64 GB OTG Drive","Black, Type A to Type C","?1,350"
"Tobo Mini Pink DSLR Camera USB Flash Drive USB 2.0 Sili...","Pink","?799"
"Pankreeti PKT560 Batman Cartoon Designer 64 GB Pen Driv...","Multicolor","?1,399"
"Tobo Cartoon Cute Unicorn 32GB USB Flash Drive Animal H...","Pink","?1,099"
"Pankreeti PKT852 Unicorn Horse Cartoon Designer 4 GB Pe...","Multicolor","?499"
"Tobo pendrive 64 Pen Drive","Yellow","?1,799"
"dharohar the heritage 24k Gold Plated Pen Drive (4GB) 4...","Gold","?1,550"
"Pankreeti PKT447 Jerry 128 GB Pen Drive","Yellow","?2,399"
"Eshop Swivel Wooden Thumb Pendrive 8 GB Pen Drive","Brown","?979"
"Tobo Mini DSLR Camera USB Flash Drive USB 2.0 Pen-Drive...","Black","?1,799"
"SWADESHI KIING 715W 32 GB Pen Drive","Grey","?899"
"Pankreeti PKT445 Star Wars Yoda 128 GB Pen Drive","Green","?2,399"
"nexShop F1 Ferrari Racing Car Shape Stainless Steel USB...","Silver","?849"
"Tobo Yellow Scooter Shape USB Flash Drives Motorcycle P...","Yellow","?1,499"
"KBR PRODUCT Designer ball with u disk & laser pointer 1...","Silver","?1,091"
"Tobo Metal Diamond Bird Owl Shaped Pendrive Nighthawk P...","Gold","?1,299"
"Pankreeti Steel Opener 16 GB Pen Drive","Silver","?699"
"Pankreeti Choclate Love 16 GB Pen Drive","Brown","?699"
"HP x796w 128 GB Pen Drive","Silver","?6,000"
"KBR PRODUCT FANCY PENDRIVE 8 GB Pen Drive","Black","?1,699"
"Pankreeti 490 Elephant 16 GB Pen Drive","Multicolor","?599"
"Pankreeti Santa Claus 32 GB Pen Drive","Red","?799"
"Pankreeti PKT814 Kungfu Panda Cartoon Designer 32 GB Pe...","Multicolor","?799"
"Pankreeti PKT820 Metal Sword Knife Designer 32 GB Pen D...","Brown","?999"
"KBR PRODUCT Mega champ formula 1 16 GB Pen Drive","Silver","?1,059"
"Pankreeti PKT1113 Captain America Cartoon Designer 32 G...","Multicolor","?799"
"Pankreeti PKT506 Kitty Cat 8 GB Pen Drive","Pink","?599"
"nexShop Lighting Pen USB Flash Drive with LED's Multi f...","Silver","?799"
"Pankreeti PKT830 Kitty Cat Cartoon Designer 32 GB Pen D...","Multicolor","?699"
"KBR PRODUCT TECHNOCRAFT ATTRACTIVE LASER POINTER 8 GB P...","Silver","?917"
